Name,Slug,Collection ID,Locale ID,Item ID,Archived,Draft,Created On,Updated On,Published On,Main Image,Excerpt,Body,Featured Post,Blog category,Final thoughts,Published Date
Aura Smart Shade vs. RYSE SmartShade: My Honest 4-Month NYC Apartment Experiment,aura-vs-ryse,68ba408448953947903c1056,68ba408397aad301c073e0e6,698e24a2e6b6a3f375c6c96d,false,true,Thu Feb 12 2026 19:06:10 GMT+0000 (Coordinated Universal Time),Fri Feb 20 2026 21:16:04 GMT+0000 (Coordinated Universal Time),,https://cdn.prod.website-files.com/68ba408397aad301c073e0e7/6994ac45e0829fb258cc20cf_Untitled%20design%20(25).png,My experience trying both RYSE SmartShades and the Aura Roller Shade Driver in my NYC apartment,"<p>When I moved into my apartment in New York City, I didn’t think I’d ever care this much about window shades.</p><p>But after one too many mornings being woken up by the sun like I’m in an interrogation room, I decided to finally make my space feel a little smarter.</p><p>Instead of just reading reviews, I went full DIY experiment mode:</p><p><strong>I bought both the Aura Roller Smart Shade Driver and the RYSE SmartShade… and lived with them side-by-side for over four months.</strong></p><p>One went on the shade in my bedroom.<br>The other went on the shade in my living room.</p><p>I unboxed them, installed them myself, charged them, used the apps daily, and figured out what actually matters only after months of real life use.</p><p>Everything in this listicle comes from that personal experience — plus some specs I checked after noticing differences day-to-day.</p><p>Here’s what I learned.</p><h2><strong>1. Buying Them Felt Like Two Different Levels of Commitment</strong></h2><figure class=""w-richtext-figure-type-image w-richtext-align-center"" style=""max-width:30%"" data-rt-type=""image"" data-rt-align=""center"" data-rt-max-width=""30%""><div><img src=""https://cdn.prod.website-files.com/68ba408397aad301c073e0e7/6998c84d4d86f69b868ea51a_Jamie%20Holding%20Devices.jpeg"" loading=""lazy"" alt=""__wf_reserved_inherit""></div><figcaption>Me holding the RYSE and Aura devices side by side</figcaption></figure><p>The price difference hit me immediately when I ordered them.</p><h3><strong>Aura Felt Like the Easy Renter Entry Point</strong></h3><p>Aura cost me <strong>$99</strong>, which felt like a low-risk upgrade for my apartment.<br><br></p><p>RYSE vs Aura Feature Comparison</p><p>It was very much giving:<br><em>“Try smart shades without overthinking it.”</em></p><h3><strong>RYSE Felt Like the Premium Option</strong></h3><p>RYSE SmartShade was more of an investment:</p><ul><li><strong>$199</strong> for wire-free</li><li><strong>$149</strong> for wired<br><br>RYSE vs Aura Feature Comparison</li></ul><p>From the start, it felt more like something designed for long-term home ownership — not just a rental experiment.</p><h2><strong>2. Unboxing Made the Design Philosophy Super Clear</strong></h2><p>Once I had both boxes open, I realized these two products approach installation very differently.</p><h3><strong>Aura Is One Single Unit That Sticks to the Wall</strong></h3><p>With Aura, the <em>entire device</em> mounts directly onto your wall using the included adhesive strip.<br><br></p><p>RYSE vs Aura Feature Comparison</p><p>It’s very simple: the whole motor lives right there on the surface.</p><h3><strong>RYSE Uses a Mounting Bracket System</strong></h3><p>RYSE came with screws and anchors, but what stood out most was that it installs in <strong>two pieces</strong>:</p><ol><li>A mounting bracket attaches to the wall</li><li>The SmartShade clips into that bracket</li></ol><p>That made it feel more heavy-duty — like an actual appliance — and also easier to remove temporarily if needed.</p><p>RYSE includes screws and anchors by default.<br><br></p><p>RYSE vs Aura Feature Comparison</p><h2><strong>3. Installation: I Didn’t Drill for Either (NYC Renters Understand)</strong></h2><p>As a renter, drilling is basically a nightmare scenario.</p><p>So here’s what I actually did:</p><h3><strong>Aura Installation (About 10 Minutes)</strong></h3><p>Aura was extremely straightforward. Since the adhesive strip is included, I just:</p><ul><li>Stuck the device directly onto the wall</li><li>Attached it to my beaded chain</li><li>Calibrated it in the app</li></ul><p>Done.</p><h3><strong>RYSE Installation (Also About 10 Minutes)</strong></h3><p>RYSE came with screws and anchors… but I didn’t use them.</p><p>Instead, I went to my local hardware store and picked up a <strong>3M VHB tape strip</strong>, then mounted the bracket with that.</p><p>RYSE technically supports tape installs, but tape is not included.<br><br></p><p>RYSE vs Aura Feature Comparison</p><p>Once the bracket was up, clipping the SmartShade into place honestly felt very secure.</p><p><strong>Both installs took me about 10 minutes each.<br></strong>No drilling, no landlord panic.</p><h2><strong>4. Living With Them Daily: Aura Fit My Apartment Better</strong></h2><p>After months of daily use, both worked well — but the fit was different.</p><h3><strong>Aura Felt Perfect for My Lightweight Shades</strong></h3><p>Aura can lift up to <strong>6 lbs</strong>, which is totally fine for standard roller shades in an NYC apartment.<br><br></p><p>RYSE vs Aura Feature Comparison</p><p>Everything about Aura felt designed for smaller, simpler setups like mine.</p><h3><strong>RYSE Felt Built for Bigger Windows</strong></h3><p>RYSE supports looped chain shades up to <strong>10 lbs</strong>, and even though my shades are lighter, the motor felt stronger.<br><br></p><p>RYSE vs Aura Feature Comparison</p><p>It’s easy to imagine RYSE being the better choice in a house with larger windows or heavier shades.</p><h2><strong>5. Battery &amp; Charging: The Biggest Long-Term Difference</strong></h2><figure class=""w-richtext-figure-type-image w-richtext-align-center"" style=""max-width:30%"" data-rt-type=""image"" data-rt-align=""center"" data-rt-max-width=""30%""><div><img src=""https://cdn.prod.website-files.com/68ba408397aad301c073e0e7/6998cef20fdba5ae995e8e86_Charging%20RYSE%20and%20Aura.jpeg"" loading=""lazy"" alt=""__wf_reserved_inherit""></div><figcaption>Charging both devices (before installing them)</figcaption></figure><p>This was where my experience really diverged after a couple months.</p><h3><strong>RYSE BatteryPack Was More Convenient</strong></h3><p>RYSE’s removable BatteryPack lasted <strong>3–6 months</strong>, and charging was easy because you can remove it.<br><br></p><p>RYSE vs Aura Feature Comparison</p><p>That felt very premium.</p><h3><strong>Aura Needed Charging More Often</strong></h3><p>Aura’s built-in battery lasted about <strong>2 months</strong>, and since it’s not removable, you charge the whole device in place.<br><br></p><p>RYSE vs Aura Feature Comparison</p><p>Not a dealbreaker — but noticeably less convenient.</p><h2><strong>6. Apps + Smart Features: Great Remote Control, No Scheduling Yet</strong></h2><p>Right now, I haven’t purchased the SmartBridge or TUYA Hub.</p><p>So in my real-world setup:</p><p>✅ Both shades work through Bluetooth app control<br>✅ I can open/close them remotely when I’m nearby<br>❌ Neither runs automatic schedules yet</p><h3><strong>RYSE Works Through the RYSE App</strong></h3><p>RYSE pairs directly through Bluetooth, or can connect via WiFi with SmartBridge.<br><br></p><p>RYSE vs Aura Feature Comparison</p><h3><strong>Aura Works Through the Smart Life App</strong></h3><p>Aura pairs directly through Bluetooth in Smart Life.<br><br></p><p>RYSE vs Aura Feature Comparison</p><p>Since Aura fits my apartment best, my next step is buying the <strong>TUYA Hub</strong> so I can finally connect it with <strong>Google Home</strong> and unlock scheduling + voice control.<br><br></p><p>RYSE vs Aura Feature Comparison</p><h2><strong>My Personal Verdict After 4+ Months</strong></h2><p>After genuinely living with both systems, here’s the honest conclusion:</p><h3><strong>As a NYC Renter With Small Shades, Aura Was the Better Fit</strong></h3><p>Because I care about:</p><p>✅ Included adhesive install<br>✅ Lightweight shade compatibility<br>✅ Lower cost<br>✅ Simple, renter-friendly design<br>✅ Future Google Home automation with TUYA Hub</p><p>Aura just fits my current life.</p><h3><strong>But If I Were a Homeowner, I’d Probably Choose RYSE</strong></h3><p>RYSE feels like the long-term, heavy-duty option:</p><p>✅ Stronger motor (10 lbs)<br>✅ Removable battery<br>✅ Bracket system that’s easier to detach<br>✅ Bigger smart-home ecosystem<br><br></p><p>RYSE vs Aura Feature Comparison</p><p>If I had big windows or permanent installs, RYSE would absolutely win.</p><h2><strong>Closing Thought</strong></h2><p>Testing both side-by-side for four months made me realize:</p><p>Smart shades aren’t just a gimmick.</p><p>They legitimately made my apartment mornings calmer, my evenings cozier, and my daily routine easier.</p><p>For renters like me? Aura is perfect.</p><p>For the future homeowner version of me? RYSE is waiting.</p><p>‍</p>",false,,,
Best Smart Plugs and Sensors for Everyday Automations,best-smart-plugs-and-sensors-for-everyday-automations,68ba408448953947903c1056,68ba408397aad301c073e0e6,68be3eaa7cdfc7fd4175ffee,false,false,Mon Sep 08 2025 02:25:46 GMT+0000 (Coordinated Universal Time),Wed Oct 15 2025 19:06:41 GMT+0000 (Coordinated Universal Time),Wed Oct 15 2025 19:06:41 GMT+0000 (Coordinated Universal Time),https://cdn.prod.website-files.com/68ba408397aad301c073e0e7/68be3d118f13e42f17bfc029_243990e447cfb39fa27760747edb3465cc67e828.webp,"Not every “smart” upgrade needs to be a big one. In my condo, the smallest devices — plugs and sensors — ended up making some of the biggest differences.","<h1 id="""">Why Smart Plugs and Sensors Matter</h1><p id="""">Not every “smart” upgrade needs to be a big one. In my apartment, the smallest devices — plugs and sensors — ended up making some of the biggest differences.</p><p id="""">They’re not flashy. They’re not expensive. But they cut down on the little annoyances I didn’t realize were adding up. No more forgetting to turn off the coffee machine. No more walking into a dark apartment with my hands full of groceries. Just smooth, low-effort automation.</p><h2 id="""">My Morning Coffee Hack</h2><p id="""">I’m not a morning person. Setting my espresso machine on a smart plug changed that. It kicks on 15 minutes before my alarm, so by the time I’m up, the place smells like coffee.</p><p id=""""><strong id="""">What I use:</strong></p><ul id=""""><li><strong id="""">TP-Link Kasa Smart Plug Mini</strong> — cheap, reliable, doesn’t need a hub.</li></ul><p id=""""><strong id="""">Why it works:</strong> No extra apps, no babysitting. Just plug it in, set a routine, and move on.</p><h2 id="""">Smarter Climate Control</h2><p id="""">New York weather can’t make up its mind. Hot one day, freezing the next. Pairing plugs and sensors with my thermostat and shades has made a huge difference.</p><p id=""""><strong id="""">How it works in my place:</strong></p><ul id=""""><li>Sensor picks up the afternoon heat</li><li>RYSE SmartShade closes automatically</li><li>AC doesn’t have to fight as hard, bills stay lower</li></ul><p id=""""><strong id="""">What I use:</strong></p><ul id=""""><li><strong id="""">Aqara Temperature &amp; Humidity Sensor</strong> — simple, accurate, integrates with my HomeKit setup.</li></ul><h2 id="""">Lights That Just Know</h2><p id="""">Walking into a dark apartment with your arms full of groceries? Not fun. I added a motion sensor in the entryway, and now the lights flip on as soon as I walk in.</p><p id=""""><strong id="""">What I use:</strong></p><ul id=""""><li><strong id="""">Philips Hue Motion Sensor</strong> — pairs perfectly with my Hue bulbs.</li></ul><p id="""">It’s small, doesn’t look out of place, and works every single time.</p><h2 id="""">Peace of Mind Without Overthinking</h2><p id="""">I use a couple of smart plugs to cut standby power to devices I rarely touch. At night, a single command puts the apartment into “wind-down mode”:</p><ul id=""""><li>Coffee maker off</li><li>Monitor off</li><li>Living room lamp dimmed</li></ul><p id="""">No more wondering if I left something running.</p><h2 id="""">My Picks for 2025</h2><ul id=""""><li><strong id="""">Best Plug Overall:</strong> TP-Link Kasa Smart Plug Mini — cheap, reliable, and app-free headaches.</li><li><strong id="""">Best Sensor for Climate:</strong> Aqara Temperature &amp; Humidity Sensor — integrates with smart shades and thermostats.</li><li><strong id="""">Best Sensor for Lights:</strong> Philips Hue Motion Sensor — effortless, renter-friendly, and works with existing Hue setups.</li></ul><h3 id="""">‍</h3>",false,automation-and-everyday-hacks,"Smart plugs and sensors aren’t showstoppers. But in a small condo, they take care of the little things that make daily life smoother. They automate the boring stuff, so I can focus on the fun parts of living downtown. If you’re just getting started, I’d start with one plug. Put your coffee machine or a lamp on it. Once you see how easy it is, you’ll probably end up adding a few more. That’s how I went from one Kasa plug to… well, let’s just say I lost count.
",Thu Oct 23 2025 00:00:00 GMT+0000 (Coordinated Universal Time)
My Condo Is Smarter Than Me: 7 Automations I Didn’t Know I Needed,my-condo-is-smarter-than-me-7-automations-i-didnt-know-i-needed,68ba408448953947903c1056,68ba408397aad301c073e0e6,68be3ac2bfb7ddfd8f7888aa,false,false,Mon Sep 08 2025 02:09:06 GMT+0000 (Coordinated Universal Time),Wed Oct 15 2025 19:06:48 GMT+0000 (Coordinated Universal Time),Wed Oct 15 2025 19:06:48 GMT+0000 (Coordinated Universal Time),https://cdn.prod.website-files.com/68ba408397aad301c073e0e7/68be3abe3d85b2271384f514_78177878efb07c10b1765ccd376008a64748d18d%20(1).png,"I thought I had the smart home thing down — a few voice-activated lights, a smart plug for the coffee maker, maybe the occasional “Alexa, play lo-fi” moment. But once I started layering in automations that actually think ahead, the whole vibe of my condo shifted.","<h1 id="""">The Realization</h1><p id="""">I thought I had the smart home thing down — a few voice-activated lights, a smart plug for the coffee maker, maybe the occasional “Alexa, play lo-fi” moment. But once I started layering in automations that actually think ahead, the whole vibe of my apartment shifted.</p><p id="""">Suddenly, stuff just… happened. I wasn’t managing devices anymore, they were quietly managing me.</p><p id="""">Here are the 7 automations I didn’t know I needed — and now can’t imagine living without.</p><h2 id="""">1. Blinds That Move With the Sun</h2><p id="""">This was the game-changer.</p><p id="""">My <strong id="""">RYSE SmartShade</strong> opens the blinds with the sunrise, tilts them midday to block glare, and closes everything down at sunset for privacy. I barely think about it now — the blinds just know what to do.</p><ul id=""""><li>Zero drilling</li><li>Renter-friendly</li><li>Makes every part of the day feel smoother</li></ul><h2 id="""">2. Lights That Match My Mood (and Energy)</h2><p id="""">Bright white light in the morning wakes me up better than caffeine. Soft amber in the evening instantly tells my brain it’s time to chill.</p><p id="""">I’ve synced them with my blinds, so the whole room shifts from <strong id="""">focus zone</strong> to <strong id="""">wind-down mode</strong> like it’s on cue. Subtle, but powerful.</p><h2 id="""">3. Coffee That’s Ready Before I Am</h2><p id="""">I plugged my espresso machine into a smart plug and set it to turn on 15 minutes before my alarm.</p><p id="""">Now, I wake up to the smell of coffee instead of fumbling around half-asleep.</p><ul id=""""><li>No app opening</li><li>No buttons</li><li>Just coffee waiting for me</li></ul><p id="""">Highly recommend.</p><h2 id="""">4. Climate Control Without the Guesswork</h2><p id="""">This one’s sneaky smart.</p><p id="""">My <strong id="""">smart thermostat</strong> works with the blinds to manage sunlight and temperature.</p><ul id=""""><li>Afternoon sun heating things up? Blinds close automatically to give the A/C a break.</li><li>Cold winter mornings? Blinds open to let in free heat.</li></ul><p id="""">Less micromanaging, lower bills, and a comfier apartment overall.</p><h2 id="""">5. Lights That Welcome Me Home</h2><p id="""">I set up a <strong id="""">geofenced routine</strong> so when I’m walking back from work or errands, the lights in my hallway and living room switch on as I get close to the building.</p><p id="""">It’s a small thing, but walking into a lit space — especially with arms full of groceries — feels amazing.</p><h2 id="""">6. Privacy Mode at Sunset</h2><p id="""">Every night, the blinds in the living room and bedroom close themselves at sunset.</p><ul id=""""><li>No awkward eye contact with neighbors across the street</li><li>No forgetting mid-dinner or mid-show</li><li>Just instant comfort, every single night</li></ul><h2 id="""">7. Weekend Wake-Up Delay</h2><p id="""">During the week, the blinds open like clockwork. On weekends? They stay closed an hour longer so I can sleep in.</p><p id="""">I don’t have to remember to switch settings Friday night — it just knows. That slow Saturday morning light is unbeatable.</p><h3 id="""">‍</h3>",false,automation-and-everyday-hacks,"None of these automations are wild or over-the-top. They're simple. But together, they’ve made my downtown condo feel less like a collection of devices and more like a space that just works around me. If you're building out your own setup, start small. Then try one or two automations that fit your flow — odds are, you’ll wonder how you ever lived without them too.
",Thu Nov 20 2025 00:00:00 GMT+0000 (Coordinated Universal Time)
"Noise Control in Condos: Headphones, Soundproofing, and Smart Fixes",noise-control-in-condos-headphones-soundproofing-and-smart-fixes,68ba408448953947903c1056,68ba408397aad301c073e0e6,68be3f2e3fcdc7b498bc1ae6,false,false,Mon Sep 08 2025 02:27:58 GMT+0000 (Coordinated Universal Time),Wed Oct 15 2025 19:06:38 GMT+0000 (Coordinated Universal Time),Wed Oct 15 2025 19:06:38 GMT+0000 (Coordinated Universal Time),https://cdn.prod.website-files.com/68ba408397aad301c073e0e7/68be3f2aa33e6cfaeaf9aaf4_c38ac5c9aaa7d0aea8b3e95695296d9918042c36.webp,"Living downtown has its perks: everything’s close, the views are great, and there’s always energy in the air. The downside? Noise.","<h1 id="""">The Noise Problem in Apartments</h1><p id="""">Living downtown has its perks: everything’s close, the views are great, and there’s always energy in the air. The downside? Noise.</p><p id="""">Thin walls, traffic below, neighbors above (and sometimes beside). When you’re working, sleeping, or just trying to chill, that constant hum sneaks in.</p><p id="""">I’ve tried a bunch of fixes — some tech, some old-school — and here’s what’s actually worked in my New York apartment.</p><h2 id="""">Headphones That Save My Sanity</h2><p id="""">Noise-canceling headphones aren’t just for airplanes anymore. In an apartment, they’re essential.</p><p id=""""><strong id="""">What I use:</strong></p><ul id=""""><li><strong id="""">Sony WH-1000XM5</strong> — Best balance of comfort, sound quality, and active noise canceling.</li><li><strong id="""">Apple AirPods Max</strong> — Great if you’re deep in the Apple ecosystem, plus the design feels premium.</li><li><strong id="""">Bose 700</strong> — Lighter and super comfortable for long calls.</li></ul><p id="""">These block out everything from hallway chatter to construction outside. For me, the Sonys win because they’re light enough to wear for hours.</p><h2 id="""">Smart Fix: White Noise on Command</h2><p id="""">I set up a white noise routine through my Google Home. With one voice command, my speakers play a low-level hum that masks background noise. It’s especially useful at night or when I don’t want to wear headphones.</p><p id=""""><strong id="""">What I use:</strong></p><ul id=""""><li><strong id="""">Sonos One</strong> in the living room</li><li><strong id="""">Google Nest Audio</strong> in the bedroom</li></ul><p id="""">Both blend in, sound great for music, and double as noise blockers when needed.</p><h2 id="""">Small-Space Soundproofing Hacks</h2><p id="""">I’m not building a recording studio in my apartment, but a few small changes made a big difference:</p><ul id=""""><li><strong id="""">Rugs &amp; Curtains</strong> — Added warmth and cut down echo.</li><li><strong id="""">Weatherstrips on Doors</strong> — Reduced hallway noise by more than I expected.</li><li><strong id="""">Bookshelves</strong> — Doubled as décor and sound dampeners on a shared wall.</li></ul><p id="""">Nothing fancy — just practical ways to absorb sound without drilling holes or building panels.</p><h2 id="""">My Picks for 2025</h2><ul id=""""><li><strong id="""">Best Overall Headphones:</strong> Sony WH-1000XM5</li><li><strong id="""">Best for Apple Users:</strong> AirPods Max</li><li><strong id="""">Best Comfort Pick:</strong> Bose 700</li><li><strong id="""">Best Smart Noise Fix:</strong> Sonos One or Google Nest Audio with white noise routines</li><li><strong id="""">Best Passive Upgrade:</strong> Rugs, curtains, and weatherstrips</li></ul><h3 id="""">‍</h3>",false,lighting-comfort,"Noise isn’t going away in city living. But with the right gear and a few smart tweaks, you can make your condo feel like a calm bubble in the middle of it all.

Start with headphones if you need an instant fix. Add white noise routines or some simple soundproofing hacks for daily comfort. You can’t control the city — but you can control how much of it makes it into your space.
",Tue Oct 28 2025 00:00:00 GMT+0000 (Coordinated Universal Time)
RYSE vs Aura: Battery Test Results After 3 Months,ryse-vs-aura-battery-test-results-after-3-months,68ba408448953947903c1056,68ba408397aad301c073e0e6,68be3a2c06952eec7ab44cfc,false,false,Mon Sep 08 2025 02:06:36 GMT+0000 (Coordinated Universal Time),Wed Oct 15 2025 19:06:50 GMT+0000 (Coordinated Universal Time),Wed Oct 15 2025 19:06:50 GMT+0000 (Coordinated Universal Time),https://cdn.prod.website-files.com/68ba408397aad301c073e0e7/68be3a28acb6b0a78d493f0c_68eedab325c8b4285ee4a71f135c3819f9fa7ca5.webp,"Living in a high-rise condo with a wall of windows has its perks—tons of natural light and an awesome view—but it also brings daily battles with glare, heat, and zero nighttime privacy.","<h1 id="""">The Setup</h1><p id="""">Living in a high-rise apartment with a wall of windows has its perks — tons of natural light and an awesome view — but it also brings daily battles with glare, heat, and zero nighttime privacy.</p><p id="""">For the past 3 months, I’ve been testing two different smart blind motors in my place:</p><ul id=""""><li><strong id="""">RYSE SmartShade</strong> in the living room</li><li><strong id="""">Aura</strong> in the bedroom</li></ul><p id="""">Both followed the same daily routine:</p><ul id=""""><li>Open at sunrise so I can wake up with natural light</li><li>Midday tilt to reduce glare but still enjoy the view</li><li>Close at sunset for privacy and wind-down mode</li></ul><p id="""">No shortcuts, no light usage. Both were running multiple times a day.</p><h1 id="""">Battery Life: The Results</h1><p id="""">After 3 months of regular use:</p><ul id=""""><li><strong id="""">RYSE SmartShade</strong> was still going strong on its original charge, showing about 45% battery left with zero signs of slowing down.</li><li><strong id="""">Aura</strong> needed its first recharge around week 9. By week 12 it had dropped to 10%. It still ran at full speed but eventually shut off when the battery hit zero.</li></ul><h1 id="""">Why the Difference?</h1><h2 id="""">1. Power Efficiency</h2><p id="""">RYSE seems better optimized for retrofitted shades. It doesn’t overwork itself, which probably explains the slower battery drain. Aura had a solid run, but I noticed it worked a little harder on my heavier blinds.</p><h2 id="""">2. Charging Setup</h2><p id="""">This part really stood out in day-to-day use.</p><ul id=""""><li><strong id="""">RYSE</strong> comes with a swappable battery pack, so I didn’t have to touch the motor itself. I just pulled out the battery, plugged it in, and popped it back in later. Quick and clean.</li><li><strong id="""">Aura</strong> needs to stay plugged in while it charges. In my case, that meant either stretching a cable up the window or taking the whole unit off to plug it in elsewhere. Not ideal in a small space.</li></ul><h2 id="""">3. Performance Consistency</h2><p id="""">I originally thought Aura slowed down when the battery got low. Turns out that’s not actually true. The motor runs at full strength until the battery fully dies. Once it hits zero, that’s it.</p><p id="""">RYSE also stayed smooth and consistent the whole time. It just kept going, which honestly made it easy to forget I was even testing it.</p><h1 id="""">Living With Both in an Apartment</h1><p id="""">In a tight downtown space, clutter and chores add up fast. I don’t want to be unplugging things every few weeks or dealing with awkward cables around my furniture.</p><ul id=""""><li><strong id="""">RYSE</strong> gave me a clean experience. I swapped the battery once during this whole test period and didn’t have to mess with the setup.</li><li><strong id="""">Aura</strong> still worked well, but the charging process turned into a bit of a project. Not a dealbreaker, but not effortless either.</li></ul><h1 id="""">The Verdict</h1><p id="""">If battery life and convenience are high on your wishlist, <strong id="""">RYSE is the better pick</strong>. It lasts longer between charges and the swappable battery makes it way easier to manage.</p><p id="""">That said, <strong id="""">Aura does have some advantages</strong>. It’s more compact and could be a good fit for rooms with tighter space or for people who prefer a smaller device. Just be ready to charge it more often and plan ahead for how you’ll plug it in.</p><h3 id="""">‍</h3>",false,smart-home-essentials,"Before this, I figured most smart blind motors were pretty much the same. After three months of side-by-side testing, I’ve changed my mind. In my setup, RYSE just made things easier. It blended into the routine, stayed out of the way, and never made me think about battery levels or charging. If you're trying to build a smart home that takes care of itself, that's a pretty big win.‍",Thu Nov 13 2025 00:00:00 GMT+0000 (Coordinated Universal Time)
Standing Desks vs. Fixed Desks: What’s Worth It in a Condo Office?,standing-desks-vs-fixed-desks-whats-worth-it-in-a-condo-office,68ba408448953947903c1056,68ba408397aad301c073e0e6,68be3bfef0fbf30a14acdd2a,false,false,Mon Sep 08 2025 02:14:22 GMT+0000 (Coordinated Universal Time),Wed Oct 15 2025 19:06:43 GMT+0000 (Coordinated Universal Time),Wed Oct 15 2025 19:06:43 GMT+0000 (Coordinated Universal Time),https://cdn.prod.website-files.com/68ba408397aad301c073e0e7/68be3bf7c47582f65d08a141_002021230561e008fa1d5ce0e0ebff5cbcdbf503%20(1).png,"Working from home sounds dreamy until you realize your “home office” is actually just the corner of your living room. In a small space, your desk isn’t just where you work — it’s part of your daily backdrop.","<h1 id="""">Why This Matters in an Apartment</h1><p id="""">Working from home sounds dreamy until you realize your “home office” is actually just the corner of your living room. In a small space, your desk isn’t just where you work — it’s part of your daily backdrop.</p><p id="""">When I first started working remotely, I used a regular fixed desk. It did the job, but after a few months, I felt it: stiff shoulders, sore back, and the sense that my space wasn’t really built for me. That’s when I started testing standing desks.</p><p id="""">Here’s what I learned after rotating between both setups in my New York apartment.</p><h2 id="""">The Case for Fixed Desks</h2><p id="""">Fixed desks are simple. They look clean, they’re stable, and they’re usually cheaper.</p><p id=""""><strong id="""">Pros:</strong></p><ul id=""""><li>Takes up less visual space in a small apartment</li><li>No moving parts to worry about</li><li>Often more affordable</li><li>Tons of design options (especially if you want wood or minimalist finishes)</li></ul><p id=""""><strong id="""">Cons:</strong></p><ul id=""""><li>Sitting all day is rough on your body</li><li>Harder to adjust if more than one person uses the same space</li><li>Feels static over time — your setup doesn’t evolve with your energy levels</li></ul><p id=""""><strong id="""">Good Picks:</strong></p><ul id=""""><li><strong id="""">IKEA Bekant</strong>: budget-friendly, sleek, easy to fit in small spaces</li><li><strong id="""">West Elm Mid-Century Desk</strong>: stylish, compact, looks good in a living room setup</li></ul><h2 id="""">The Case for Standing Desks</h2><p id="""">Standing desks aren’t just about standing — they’re about movement. I found I didn’t stand all day, but the ability to shift positions changed everything.</p><p id=""""><strong id="""">Pros:</strong></p><ul id=""""><li>Lets you alternate between sitting and standing</li><li>Improves posture and reduces back pain</li><li>Creates a more “professional” feel in your space</li><li>Many models now look sleek, not like office furniture from the ’90s</li></ul><p id=""""><strong id="""">Cons:</strong></p><ul id=""""><li>Takes up more visual space</li><li>Pricier than fixed desks</li><li>Motorized models can be noisy if you adjust often</li></ul><p id=""""><strong id="""">Good Picks:</strong></p><ul id=""""><li><strong id="""">Fully Jarvis</strong>: customizable, eco-friendly options, solid motor</li><li><strong id="""">Uplift Desk</strong>: super sturdy, lots of add-ons for cable management</li><li><strong id="""">Autonomous SmartDesk</strong>: budget-friendly entry point for a motorized desk</li></ul><h2 id="""">What I Use Daily</h2><p id="""">Right now, I use a <strong id="""">Fully Jarvis standing desk</strong> in my apartment. Here’s how I make it work in a small space:</p><ul id=""""><li>Standing during video calls keeps me more engaged</li><li>Lowering it in the evening makes the room feel calmer and less like an office</li><li>Cable management trays keep the clutter hidden (key when your desk is visible in the living room)</li></ul><p id="""">I also paired it with a <strong id="""">Herman Miller Aeron chair</strong> for sitting sessions. Pricey? Yes. Worth it for my back? Absolutely.</p><h2 id="""">The Small-Space Factor</h2><p id="""">In apartments, every piece of furniture has to earn its spot. Standing desks take up a bit more presence, but the flexibility has been worth it for me.</p><ul id=""""><li>If you want a desk that disappears into your space, go fixed.</li><li>If you want one that adapts with you — and makes long hours feel lighter — go standing.</li></ul><h2 id="""">Final Take</h2><p id="""">For me, <strong id="""">standing wins in an apartment office setup</strong>. Not because I stand all day, but because the flexibility makes my space work harder. I move more, I feel better, and when I clock out, the desk shifts down and blends back into the room.</p><p id="""">If you’re choosing between the two:</p><ul id=""""><li><strong id="""">Fixed desk</strong> = best for budgets, style, and minimalists</li><li><strong id="""">Standing desk</strong> = best for comfort, flexibility, and long-haul work-from-home</li></ul><p id="""">Either way, don’t cheap out on the chair. Trust me on that one.</p><h3 id="""">‍</h3>",true,lighting-comfort,"This kit covers the essentials: lighting, shades, climate, automation, and audio. It’s not about buying every gadget — it’s about picking the ones that actually make life smoother in a small space.

If you’re just starting out, grab smart plugs and bulbs first. Add RYSE SmartShade when you’re ready to make a bigger impact. In a condo, the right five devices can make your space feel less like an apartment and more like a home that’s working with you.
",Tue Oct 21 2025 00:00:00 GMT+0000 (Coordinated Universal Time)
The Best Smart Lighting for Small Spaces in 2025,the-best-smart-lighting-for-small-spaces-in-2025,68ba408448953947903c1056,68ba408397aad301c073e0e6,68be3b4ca1986c9ea7c29503,false,false,Mon Sep 08 2025 02:11:24 GMT+0000 (Coordinated Universal Time),Wed Oct 15 2025 19:06:45 GMT+0000 (Coordinated Universal Time),Wed Oct 15 2025 19:06:45 GMT+0000 (Coordinated Universal Time),https://cdn.prod.website-files.com/68ba408397aad301c073e0e7/68be3b2b4488ce668325eb3b_c9e8a0a2fe2f9e0718debba65998904aa62bdd04.webp,"In a small space, lighting does more than help you see — it sets the mood, changes how a room feels, and even impacts your energy levels. I learned this the hard way when I first moved into my condo. The builder lights were… fine. Functional, harsh, and honestly kind of depressing.","<h1 id="""">Why Lighting Matters in an Apartment</h1><p id="""">In a small space, lighting does more than help you see — it sets the mood, changes how a room feels, and even impacts your energy levels. I learned this the hard way when I first moved into my apartment. The builder lights were… fine. Functional, harsh, and honestly kind of depressing.</p><p id="""">When I finally swapped in smart lighting, everything shifted. Suddenly my place wasn’t just an apartment with windows — it was a space that could feel bright and focused during the day, warm and cozy at night, and colorful when friends came over.</p><p id="""">Here’s what I’ve tested and what I’d recommend if you’re looking to upgrade in 2025.</p><h2 id="""">1. Philips Hue Bulbs</h2><p id="""">If you want a set-it-and-forget-it option, Hue is still king.</p><p id=""""><strong id="""">Why I like them:</strong></p><ul id=""""><li>Huge range of whites and colors</li><li>Syncs perfectly with Google Home, Alexa, and HomeKit</li><li>The app is polished and reliable</li></ul><p id=""""><strong id="""">Where they shine:</strong><br>Creating “zones” in small apartments. My living room pulls double duty as an office, so I have one scene for “work mode” (cool white) and one for “movie night” (warm amber).</p><p id=""""><strong id="""">What could be better:</strong><br>They’re pricey compared to others, but honestly? Worth it for the reliability.</p><h2 id="""">2. Nanoleaf Lines and Shapes</h2><p id="""">These are more design pieces than simple bulbs.</p><p id=""""><strong id="""">Why I like them:</strong></p><ul id=""""><li>Double as wall art and lighting</li><li>Endless patterns and effects (great for hosting or content creators)</li><li>Integrates with major smart platforms</li></ul><p id=""""><strong id="""">Where they shine:</strong><br>Apartments with minimal wall décor. They fill space and light at the same time. They also have sound-responsive and touch-sensitive panels, which are great for a party or game night!</p><p id=""""><strong id="""">What could be better:</strong><br>Setup requires sticking the panels to the wall (harder than just changing a bulb), and they’re not as subtle as a bulb swap.</p><h2 id="""">3. Govee Glide Bars</h2><p id="""">Budget-friendly, flexible, and surprisingly good.</p><p id=""""><strong id="""">Why I like them:</strong></p><ul id=""""><li>Great price point</li><li>Solid color accuracy and brightness</li><li>Tons of presets in the app</li></ul><p id=""""><strong id="""">Where they shine:</strong><br>Accent lighting behind a TV or monitor. Perfect for renters who don’t want to rewire anything.</p><p id=""""><strong id="""">What could be better:</strong><br>The app feels a little cluttered compared to Hue.</p><h2 id="""">4. IKEA Dirigera (Tradfri) Lights</h2><p id="""">IKEA keeps it simple and affordable.</p><p id=""""><strong id="""">Why I like them:</strong></p><ul id=""""><li>Easy entry point into smart lighting</li><li>Great if you’re already using IKEA furniture and want a matched aesthetic</li><li>Works with Matter, so they’re future-proof</li></ul><p id=""""><strong id="""">Where they shine:</strong><br>Starter kits for renters who want to test smart lighting without overspending.</p><p id=""""><strong id="""">What could be better:</strong><br>Fewer color and brightness options compared to Hue or Nanoleaf.</p><h2 id="""">How I Use Smart Lighting Daily</h2><ul id=""""><li><strong id="""">Morning:</strong> Hue bulbs turn on cool white gradually with my blinds opening, so I wake up naturally.</li><li><strong id="""">Work:</strong> Bright, neutral lighting helps me stay focused.</li><li><strong id="""">Evening:</strong> Everything shifts to warm tones automatically at sunset.</li><li><strong id="""">Hosting:</strong> A mix of Nanoleaf patterns and Hue colors sets the vibe instantly.</li></ul><h2 id="""">My Picks for 2025</h2><ul id=""""><li><strong id="""">Best All-Rounder:</strong> Philips Hue — reliable, polished, and integrates with everything.</li><li><strong id="""">Best Statement Lighting:</strong> Nanoleaf — a fun way to make a small space feel unique.</li><li><strong id="""">Best Budget Options:</strong> Govee and IKEA — solid entry points that don’t feel cheap.</li></ul><h3 id="""">‍</h3>",false,lighting-comfort,"Smart lighting isn’t about showing off tech — it’s about how your space feels when you live in it. In a small condo, the right lighting makes every square foot work harder. Pair it with smart shades like RYSE, and suddenly your place isn’t just “lit” — it’s alive.
",Thu Oct 30 2025 00:00:00 GMT+0000 (Coordinated Universal Time)
"The Ultimate Smart Condo Starter Kit (Under $1,000)",the-ultimate-smart-condo-starter-kit-under-1-000,68ba408448953947903c1056,68ba408397aad301c073e0e6,68be3faf611a11a9f0e3f2a3,false,false,Mon Sep 08 2025 02:30:07 GMT+0000 (Coordinated Universal Time),Wed Oct 15 2025 19:06:31 GMT+0000 (Coordinated Universal Time),Wed Oct 15 2025 19:06:31 GMT+0000 (Coordinated Universal Time),https://cdn.prod.website-files.com/68ba408397aad301c073e0e7/68be3b2b4488ce668325eb3b_c9e8a0a2fe2f9e0718debba65998904aa62bdd04.webp,"When I first moved into my Toronto condo, I didn’t want a “smart home” that looked like a sci-fi demo. I wanted upgrades that were simple, renter-friendly, and actually made my day better.","<h2 id=""""><strong id="""">Why Start With a Kit?</strong></h2><p id=""""><strong id="""">‍</strong><br>When I first moved into my New York apartment, I didn’t want a “smart home” that looked like a sci-fi demo. I wanted upgrades that were simple, renter-friendly, and actually made my day better.</p><p id="""">The trick is picking gear that works together, doesn’t clutter your space, and doesn’t break the budget. After testing way too many options, this is the starter kit I’d recommend to any friend moving into an apartment — everything here is under $1,000 if you bundle smartly.</p><h3 id="""">1. Smart Lighting – Philips Hue Starter Kit (~$200)</h3><p id="""">Lighting is the fastest way to change how an apartment feels. With Hue, I can shift from bright white for work to warm amber at night, or even add color when friends are over.</p><ul id=""""><li id="""">Reliable and polished app</li><li id="""">Works with Google, Alexa, and HomeKit</li><li id="""">Just swap out the bulbs — no electrician needed</li></ul><h3 id="""">2. Smart Shades – RYSE SmartShade (~$170)</h3><p id="""">Blinds aren’t usually on the starter list, but they’re one of the biggest upgrades I’ve made. RYSE SmartShade retrofits to the blinds you already own, no drilling or rewiring required.</p><ul id=""""><li id="""">Opens with the sunrise so you wake up naturally</li><li id="""">Closes automatically at sunset for instant privacy</li><li id="""">Smooth integration with Google, Alexa, and HomeKit</li><li id="""">Small enough to blend into any space</li></ul><p id="""">Once you’ve lived with automated blinds, it’s hard to imagine going back to cords.</p><h3 id="""">3. Smart Thermostat – Nest Learning Thermostat (~$250)</h3><p id="""">New York weather changes daily, sometimes hourly. Nest takes the guesswork out of heating and cooling.</p><ul id=""""><li id="""">Learns your routine</li><li id="""">Remote control from your phone</li><li id="""">Saves energy by syncing with your schedule</li></ul><h3 id="""">4. Smart Plugs – TP-Link Kasa Smart Plug Mini (3-pack) (~$50)</h3><p id="""">This one isn’t flashy, but it’s one of the most useful things in my setup.</p><ul id=""""><li id="""">Automates my coffee machine so it kicks on before I’m up</li><li id="""">Cuts standby power to devices I rarely use</li><li id="""">Cheap, reliable, and doesn’t need a hub</li></ul><h3 id="""">5. Smart Speaker – Sonos One (~$220)</h3><p id="""">Good sound plus voice control in one compact package.</p><ul id=""""><li id="""">Plays music, podcasts, or white noise</li><li id="""">Handles voice commands for lights, plugs, and shades</li><li id="""">Small enough to sit on a shelf without cluttering the space</li></ul><h3 id="""">The Math</h3><ul id=""""><li id="""">Philips Hue Kit: $200</li><li id="""">RYSE SmartShade: $170</li><li id="""">Nest Thermostat: $250</li><li id="""">Kasa Plugs: $50</li><li id="""">Sonos One: $220</li></ul><p id=""""><strong id="""">Total: $890 → comfortably under $1,000.</strong></p>",true,smart-home-essentials,"This kit covers the essentials: lighting, shades, climate, automation, and audio. It’s not about buying every gadget — it’s about picking the ones that actually make life smoother in a small space. If you’re just starting out, grab smart plugs and bulbs first. Add RYSE SmartShade when you’re ready to make a bigger impact. In a condo, the right five devices can make your space feel less like an apartment and more like a home that’s working with you.
",Thu Oct 16 2025 00:00:00 GMT+0000 (Coordinated Universal Time)
The Ultimate Work-from-Home Setup (That Actually Works),the-ultimate-work-from-home-setup-that-actually-works,68ba408448953947903c1056,68ba408397aad301c073e0e6,68be2fb2c47582f65d0681a1,false,false,Mon Sep 08 2025 01:21:54 GMT+0000 (Coordinated Universal Time),Wed Oct 15 2025 19:06:55 GMT+0000 (Coordinated Universal Time),Wed Oct 15 2025 19:06:55 GMT+0000 (Coordinated Universal Time),https://cdn.prod.website-files.com/68ba408397aad301c073e0e7/68be2fa50df74d5bdf3978d6_961758523ead8300987d448b9ce85865ab062155.webp,"Working from home sounds ideal. No commute, your own playlist, and yes, coffee that doesn’t cost $6. But after a few months (or years), most of us realized: it’s not about cute setups — it’s about surviving the day without back pain or screen glare headaches.","<h1 id="""">Your Home Office Should Work as Hard as You Do</h1><p id="""">Working from home sounds ideal. No commute, your own playlist, and yes, coffee that doesn’t cost $6. But after a few months (or years), most of us realized: it’s not about cute setups — it’s about surviving the day without back pain or screen-glare headaches.</p><p id="""">Here’s the honest truth: if you’re spending eight hours or more at home working, the right gear matters. Yes, an ergonomic chair and an adjustable desk are key. But don’t stop there. Comfort and productivity come from how your whole space supports you — and that’s where lighting, automation, and mood come in.</p><h2 id="""">Step 1: Control the Light (It’s a Productivity Tool, Not Just a Vibe)</h2><p id="""">Natural light can be energizing, but too much of it (especially through floor-to-ceiling windows) turns into a daily battle with glare, screen reflections, and temperature swings.</p><p id="""">That’s where <strong id="""">automated smart shades</strong> come in.</p><p id="""">I added <strong id="""">RYSE SmartShade</strong> to my setup — it retrofits to the beaded chain on my roller blinds, no drilling, no hardwiring. Now I have full control without replacing anything. And honestly? It’s right up there with my standing desk in terms of impact.</p><ul id=""""><li><strong id="""">Morning:</strong> Blinds open with the sunrise so I wake up naturally.</li><li><strong id="""">Midday:</strong> They close partially to cut glare without shutting out the view.</li><li><strong id="""">Evening:</strong> Full close for privacy and wind-down mode.</li></ul><p id="""">This isn’t just about looks. It’s about feeling better, seeing your screen, and not fighting with your lighting every two hours.</p><h2 id="""">Step 2: Build an Environment That Matches Your Energy</h2><p id="""">Mood-shifting lighting is something I didn’t think I needed — until I tried it.</p><ul id=""""><li>Cool white during deep work blocks keeps me alert.</li><li>Warm amber in the evening signals to my brain: <em id="""">you’re done.</em></li></ul><p id="""">Paired with the smart shades, the whole vibe of the room shifts from productivity to relaxation. No jarring transitions — just smooth control from my phone or voice assistant.</p><h2 id="""">Step 3: Use Automation to Reduce Mental Clutter</h2><p id="""">Automation isn’t about impressing guests. It’s about reducing decision fatigue.</p><p id="""">When I say <strong id="""">“Start Work”</strong>, my blinds adjust, lights shift, and the coffee machine kicks on via smart plug. When the sun starts heating up my space, the shades close automatically so my A/C doesn’t have to work overtime.</p><p id="""">Everything’s wireless and renter-safe. No holes in the wall, no rewiring — just smooth setup and smoother days.</p><h2 id="""">Step 4: Create Clear Boundaries (Even If You Live in a Studio)</h2><p id="""">Working from home blurs everything. But simple routines can train your brain to switch gears.</p><ul id=""""><li>Blinds close at the end of the workday</li><li>Lighting transitions from daylight to warm evening tones</li><li>Smart plugs shut off my work gear so I’m not tempted to keep checking emails</li></ul><p id="""">Even if your desk is two steps from your couch, these little changes help you log off for real.</p><h2 id="""">The Essentials I Actually Recommend</h2><p id="""">Forget trendy desk toys. These are the pieces that genuinely improved how I work and feel in my space:</p><ul id=""""><li><strong id="""">Fully Jarvis Standing Desk</strong> – For posture, movement, and long-haul work sessions</li><li><strong id="""">Herman Miller Aeron Chair</strong> – The difference after a week? Night and day</li><li><strong id="""">RYSE SmartShade</strong> – Controls light like a pro and fits seamlessly into small spaces</li><li><strong id="""">Philips Hue Smart Lighting</strong> – Mood-specific scenes for focus or wind-down</li><li><strong id="""">Kasa Smart Plugs by TP-Link</strong> – Automate the basics (like your coffee or monitor setup)</li><li><strong id="""">Sony WH-1000XM5 Headphones</strong> – Block out distractions and lock into focus</li></ul><h2 id="""">The Bottom Line</h2><p id="""">A great work-from-home setup isn’t about stacking more tech — it’s about creating a space that supports your body, your mind, and your schedule. If you’re investing in a standing desk or ergonomic chair (which you absolutely should), don’t overlook lighting and automation.</p><p id=""""><strong id="""">RYSE SmartShade</strong> is one of the most impactful upgrades I’ve added — right up there with the desk and the chair. It made my space feel more professional, more comfortable, and way easier to manage day-to-day.</p><p id="""">And yes, it still looks good while doing it.</p><h3 id="""">‍</h3>",false,smart-home-essentials,"This kit covers the essentials: lighting, shades, climate, automation, and audio. It’s not about buying every gadget — it’s about picking the ones that actually make life smoother in a small space.

If you’re just starting out, grab smart plugs and bulbs first. Add RYSE SmartShade when you’re ready to make a bigger impact. In a condo, the right five devices can make your space feel less like an apartment and more like a home that’s working with you.",Thu Nov 06 2025 00:00:00 GMT+0000 (Coordinated Universal Time)
Tour My Smart Condo: 5 Devices That Actually Work (and Look Good Too),tour-my-smart-condo-5-devices-that-actually-work-and-look-good-too,68ba408448953947903c1056,68ba408397aad301c073e0e6,68be2e0b961565b4f2132ac9,false,false,Mon Sep 08 2025 01:14:51 GMT+0000 (Coordinated Universal Time),Wed Oct 15 2025 19:14:02 GMT+0000 (Coordinated Universal Time),Wed Oct 15 2025 19:14:07 GMT+0000 (Coordinated Universal Time),https://cdn.prod.website-files.com/68ba408397aad301c073e0e7/68be2dfb752851d41ac8c4dd_8489adf7f41a4f50a5ae9baaba4f29ca2051ccee.png,"Living in a downtown Toronto condo means space is always at a premium. I don’t have room for chunky gadgets or patience for anything that needs its own instruction manual. When I bring tech into my home, it needs to do two things:","<h1 id="""">5 Smart Devices That Actually Earned a Spot in My Apartment</h1><p id="""">Living in a downtown New York apartment means space is always at a premium. I don’t have room for chunky gadgets or patience for anything that needs its own instruction manual. When I bring tech into my home, it needs to do two things:</p><ol id=""""><li id="""">Make life genuinely easier</li><li id="""">Blend in with the space, not scream “tech demo”</li></ol><p id="""">After a bunch of trial runs (and a few regret buys), these are the five smart devices that have stuck around. I use them every day, and they’ve earned a permanent spot in my setup.</p><h2 id="""">1. Smart Blinds – RYSE SmartShade</h2><p id="""">If I had to keep just one smart device, it’d probably be this.</p><p id="""">I installed the <strong id="""">RYSE SmartShade</strong> on my living room blinds a while back. It attaches to the beaded chain of my existing roller shades, so I didn’t have to replace anything or break out a drill. That alone made it worth trying, but here’s what really sold me:</p><ul id=""""><li id="""">Wakes me up with natural light instead of a phone alarm</li><li id="""">Keeps the place cool by automatically closing when the afternoon sun starts cooking the room</li><li id="""">Drops at sunset for privacy without me needing to think about it</li></ul><p id="""">It’s sleek, doesn’t mess with the window’s look, and integrates with Google, Alexa, and HomeKit. Honestly, it just works — and in a small space, that’s gold.</p><h2 id="""">2. Smart Thermostat – Nest Learning Thermostat</h2><p id="""">New York weather is unpredictable. One day it’s humid, the next day it feels like November. My thermostat used to be a guessing game. Now, I don’t even think about it.</p><p id="""">The <strong id="""">Nest Thermostat</strong> learns when I’m home, when I’m not, and adjusts things automatically. I can also tweak it from my phone if I’m on the way home from a long trip or a chilly walk.</p><p id=""""><strong id="""">Bonus:</strong> it actually looks nice on the wall. Clean, modern, and no confusing buttons.</p><h2 id="""">3. Smart Lighting – Philips Hue Bulbs</h2><p id="""">Apartment lighting usually leans toward “functional,” not “fun.” Swapping in <strong id="""">Hue bulbs</strong> made a bigger difference than I expected.</p><p id="""">Now I’ve got:</p><ul id=""""><li id="""">Warm tones for evenings</li><li id="""">Bright white for getting work done</li><li id="""">Color options when friends are over or I just want to change things up</li></ul><p id="""">They’re voice-controlled, app-controlled, and can run on timers so it looks like I’m home even when I’m not. No electrician needed. I just swapped out the old bulbs and moved on.</p><h2 id="""">4. Video Doorbell – Ring Doorbell</h2><p id="""">Even in a secure building, I like knowing who’s at my door — especially when I’m not there.</p><p id="""">The <strong id="""">Ring Doorbell</strong> sends alerts straight to my phone, lets me talk to couriers, and adds a bit of peace of mind for those late-night knocks. It’s low-profile and doesn’t look out of place in an apartment hallway setup.</p><h2 id="""">5. Smart Plug – Kasa Smart Plug Mini</h2><p id="""">This one’s kind of a sleeper hit. It’s not flashy, but I use it constantly.</p><p id="""">Right now I’ve got it handling:</p><ul id=""""><li id="""">My coffee maker, so it kicks on before I’m even out of bed</li><li id="""">Cutting off standby power to stuff I rarely use</li><li id="""">Switching everything to “movie mode” with one command</li></ul><p id="""">It costs under $20 and doesn’t need a hub or anything fancy. Easy win.</p><h2 id="""">Why These Actually Work in an Apartment</h2><p id="""">All five devices hit the sweet spot for apartment living:</p><ul id=""""><li id=""""><strong id="""">No drilling or hardwiring</strong> — Great for renters or just avoiding the mess</li><li id=""""><strong id="""">Minimal footprint</strong> — No chunky hubs or stuff eating up shelf space</li><li id=""""><strong id="""">Modern aesthetics</strong> — Clean design that doesn’t mess with your vibe</li><li id=""""><strong id="""">Real usefulness</strong> — Automations that save time and just work</li></ul><p id="""">If you’re starting to explore smart home tech, I’d suggest picking one that solves an everyday annoyance. I started with Hue bulbs, just to get a feel for how automation fits into my life.</p><p id="""">The <strong id="""">RYSE SmartShade</strong> was the one that quietly changed my routine the most — small device, big impact.</p><p id="""">‍</p>",true,smart-home-essentials,"This kit covers the essentials: lighting, shades, climate, automation, and audio. It’s not about buying every gadget — it’s about picking the ones that actually make life smoother in a small space. If you’re just starting out, grab smart plugs and bulbs first. Add RYSE SmartShade when you’re ready to make a bigger impact. In a condo, the right five devices can make your space feel less like an apartment and more like a home that’s working with you.",Wed Oct 15 2025 00:00:00 GMT+0000 (Coordinated Universal Time)
Why I Don’t Buy Cheap Smart Tech Anymore (TEMU/Amazon Burnout),why-i-dont-buy-cheap-smart-tech-anymore-temu-amazon-burnout,68ba408448953947903c1056,68ba408397aad301c073e0e6,68be39b962305b146a513154,false,false,Mon Sep 08 2025 02:04:41 GMT+0000 (Coordinated Universal Time),Wed Oct 15 2025 19:06:52 GMT+0000 (Coordinated Universal Time),Wed Oct 15 2025 19:06:52 GMT+0000 (Coordinated Universal Time),https://cdn.prod.website-files.com/68ba408397aad301c073e0e7/68be39a9efd7a3a8ab68826f_8cf3841bd50039a1a9eb1f3baf685f4e4fe2194f%20(1).png,"We’ve all been there, scrolling Amazon at midnight, tempted by an $18 “smart” plug with suspiciously enthusiastic reviews. Or grabbing a deal off TEMU because, really, how bad could it be?","<h1 id="""">When “Budget-Friendly” Turns Into a Headache</h1><p id="""">We’ve all been there — scrolling Amazon at midnight, tempted by an $18 “smart” plug with suspiciously enthusiastic reviews. Or grabbing a deal off TEMU because, really, how bad could it be?</p><p id="""">Here’s how it usually plays out:</p><ul id=""""><li>It arrives. You unbox it like it’s Christmas morning.</li><li>Setup is clunky. The app feels like it was built in 2012.</li><li>The Wi-Fi drops every other day.</li><li>A month later, it’s either buried in a drawer or heading to the trash.</li></ul><p id="""">I used to call this <em id="""">cheap tech roulette</em>. Now? I just call it burnout.</p><h2 id="""">The Hidden Costs of Going Cheap</h2><p id="""">Cheap smart tech doesn’t just waste your money. It burns time, chips away at your patience, and leaves your “smart home” feeling dumber than before.</p><h3 id="""">1. The Reliability Tax</h3><p id="""">That $20 smart plug might work — sometimes. But if I have to reset it three times before my coffee machine kicks in, I’m not saving anything.</p><h3 id="""">2. The App Graveyard</h3><p id="""">Every no-name gadget comes with its own app. Before you know it, your phone is loaded with a graveyard of clunky software that doesn’t talk to anything else.</p><h3 id="""">3. No Ecosystem = No Progress</h3><p id="""">The whole point of smart tech is integration. Lights talking to blinds. Blinds syncing with your sleep schedule. Budget devices usually can’t keep up, leaving you stuck with standalone products that can’t grow with your setup.</p><h2 id="""">Why I Finally Made the Switch</h2><p id="""">When I moved into my downtown apartment, I realized I didn’t want a pile of mismatched devices. I wanted something intentional — a home that worked around me, not the other way around.</p><p id="""">That meant a mindset shift: fewer gadgets, better ones.</p><ul id=""""><li><strong id="""">Fewer apps:</strong> Everything connects through Google, Alexa, or HomeKit.</li><li><strong id="""">Better design:</strong> Devices that actually look like they belong in a modern space.</li><li><strong id="""">Real reliability:</strong> Automations that just… work.</li></ul><h2 id="""">Where I Spend More (And Why It’s Worth It)</h2><h3 id="""">Smart Shades</h3><p id="""">I ditched the off-brand motor that couldn’t handle half my blinds. Now I use <strong id="""">RYSE SmartShade</strong>. It retrofits to what I already had, handles daily use without hiccups, and integrates into my smart home setup without needing its own clunky ecosystem.</p><h3 id="""">Smart Lighting</h3><p id="""">Yeah, good bulbs cost more. But they last longer, dim properly, and hit the right tones for working, relaxing, or hosting. I use <strong id="""">Philips Hue</strong> throughout my place and it’s been worth every dollar.</p><h3 id="""">Smart Plugs &amp; Sensors</h3><p id="""">I only buy ones from brands that work with my existing hub. No sketchy apps. No mystery updates. Just smooth integration. <strong id="""">TP-Link Kasa plugs</strong> and <strong id="""">Aqara sensors</strong> have been my go-tos.</p><h2 id="""">The Mindset Shift That Changed My Setup</h2><p id="""">Buying cheap smart tech made me feel like I was “building” a smart home. Investing in quality gear? That’s when I actually had one.</p><ul id=""""><li>It blends into the space</li><li>It works without babysitting</li><li>It lasts longer than a season</li></ul><p id="""">In an apartment, every square foot — and every app — matters. I’d rather have a few devices I trust than a drawer full of “almost” solutions.</p><p id="""">If you’re just getting started, I get the appeal of budget gadgets. But once you try something that actually works, you won’t want to go back.</p><h3 id="""">‍</h3>",false,smart-home-essentials,"This kit covers the essentials: lighting, shades, climate, automation, and audio. It’s not about buying every gadget — it’s about picking the ones that actually make life smoother in a small space. If you’re just starting out, grab smart plugs and bulbs first. Add RYSE SmartShade when you’re ready to make a bigger impact. In a condo, the right five devices can make your space feel less like an apartment and more like a home that’s working with you.",Tue Nov 11 2025 00:00:00 GMT+0000 (Coordinated Universal Time)
